Well positions,,,,,,,,,,,,,,,,,,,,,,,,,,,,,,,,,,,,,,,,,,,,,,,,,,,,,,,,,,,,,,,,,,,,,,,,,,,,,,,,,,,,,,,,,,,,,,,,
OD600,,,,,,,,,,,,,,,,,,,,,,,,,,,,,,,,,,,,,,,,,,,,,,,,,,,,,,,,,,,,,,,,,,,,,,,,,,,,,,,,,,,,,,,,,,,,,,,,
red,,,,,,,,,,,,,,,,,,,,,,,,,,,,,,,,,,,,,,,,,,,,,,,,,,,,,,,,,,,,,,,,,,,,,,,,,,,,,,,,,,,,,,,,,,,,,,,,
blue,,,,,,,,,,,,,,,,,,,,,,,,,,,,,,,,,,,,,,,,,,,,,,,,,,,,,,,,,,,,,,,,,,,,,,,,,,,,,,,,,,,,,,,,,,,,,,,,
,,,A2,A3,A4,A5,A6,A7,A8,A9,A10,A11,,,B2,B3,B4,B5,B6,B7,B8,B9,B10,B11,,,C2,C3,C4,C5,C6,C7,C8,C9,C10,C11,,,D2,D3,D4,D5,D6,D7,D8,D9,D10,D11,,,E2,E3,E4,E5,E6,E7,E8,E9,E10,E11,,,F2,F3,F4,F5,F6,F7,F8,F9,F10,F11,,,G2,G3,G4,G5,G6,G7,G8,G9,G10,G11,,,H2,H3,H4,H5,H6,H7,H8,H9,H10,H11
0s,30.1 °C,,0.1289,0.1319,0.137,0.1387,0.1319,0.138,0.1486,0.1162,0.1474,0.0927,,,0.1427,0.1187,0.1367,0.1418,0.1189,0.141,0.1452,0.1193,0.1426,0.0978,,,0.1499,0.1194,0.144,0.1407,0.1174,0.1382,0.1451,0.1169,0.1384,0.0937,,,0.1437,0.1176,0.1356,0.1433,0.121,0.137,0.1508,0.1231,0.1439,0.097,,,0.1384,0.1366,0.1362,0.1346,0.1384,0.1475,0.1341,0.1423,0.1424,0.0936,,,0.1413,0.1441,0.141,0.1318,0.1536,0.137,0.1312,0.1421,0.1381,0.0978,,,0.1447,0.1428,0.1462,0.1331,0.1433,0.1363,0.1344,0.1494,0.1395,0.0933,,,0.1409,0.1488,0.1424,0.132,0.1386,0.1377,0.1367,0.1417,0.1411,0.094
1799s,29.9 °C,,0.144,0.1471,0.1504,0.1493,0.1417,0.1476,0.1589,0.1237,0.1522,0.0919,,,0.1537,0.1251,0.1441,0.1513,0.1252,0.1482,0.1548,0.1257,0.1481,0.0968,,,0.1587,0.1247,0.1508,0.1532,0.1216,0.1444,0.1539,0.1206,0.1422,0.0951,,,0.1515,0.1231,0.1425,0.1529,0.1295,0.1444,0.1584,0.1269,0.1492,0.0956,,,0.1436,0.1427,0.1433,0.1401,0.1457,0.1523,0.1411,0.1471,0.149,0.0933,,,0.1473,0.1509,0.147,0.139,0.1599,0.146,0.1397,0.1513,0.1466,0.097,,,0.1491,0.1493,0.1508,0.1399,0.1535,0.1448,0.1397,0.1545,0.1451,0.0934,,,0.1478,0.1564,0.1511,0.139,0.1473,0.1474,0.1452,0.1525,0.1511,0.0941
3599s,29.9 °C,,0.1613,0.1618,0.1677,0.165,0.1573,0.1638,0.1775,0.1353,0.1674,0.0924,,,0.1702,0.1356,0.1596,0.1685,0.1359,0.164,0.1724,0.1365,0.1646,0.0966,,,0.1755,0.1354,0.1663,0.1705,0.1324,0.1597,0.1702,0.1308,0.1569,0.0929,,,0.1684,0.1336,0.1587,0.1703,0.1401,0.1597,0.1743,0.1371,0.1643,0.0954,,,0.1584,0.1578,0.1594,0.155,0.1603,0.1657,0.1555,0.1612,0.164,0.0932,,,0.1628,0.1661,0.1628,0.1538,0.1751,0.1628,0.155,0.1685,0.1634,0.0967,,,0.1641,0.1654,0.1669,0.1552,0.1695,0.1618,0.1545,0.1701,0.1615,0.0938,,,0.1633,0.1728,0.1681,0.155,0.1643,0.1649,0.161,0.1704,0.1691,0.0944
5399s,29.9 °C,,0.175,0.175,0.1834,0.1793,0.1726,0.1806,0.1952,0.1474,0.1813,0.0924,,,0.1884,0.1476,0.1756,0.1859,0.1476,0.1794,0.1893,0.1473,0.1785,0.0965,,,0.1936,0.1471,0.1818,0.1877,0.1443,0.1746,0.1866,0.1414,0.1706,0.093,,,0.1859,0.1452,0.1727,0.1874,0.1515,0.1742,0.1894,0.1475,0.1777,0.0954,,,0.174,0.1727,0.1755,0.17,0.1752,0.1812,0.1701,0.1764,0.1788,0.093,,,0.177,0.1828,0.179,0.1679,0.1914,0.1788,0.1696,0.1856,0.1793,0.0965,,,0.1776,0.1819,0.1831,0.1694,0.1852,0.1772,0.1686,0.1862,0.1763,0.0934,,,0.1783,0.1897,0.1846,0.1706,0.1816,0.1826,0.1766,0.1869,0.1859,0.0943
7199s,29.9 °C,,0.1935,0.1946,0.2036,0.1992,0.1916,0.2026,0.2173,0.1617,0.1997,0.0924,,,0.2116,0.1616,0.1953,0.2079,0.1611,0.1981,0.2102,0.1608,0.1961,0.0964,,,0.2165,0.1609,0.201,0.2093,0.1577,0.1931,0.2067,0.1543,0.1882,0.0936,,,0.2075,0.1594,0.1917,0.2079,0.1639,0.1916,0.2075,0.1597,0.1939,0.0955,,,0.193,0.1914,0.1953,0.19,0.1944,0.2007,0.187,0.1945,0.1967,0.0927,,,0.1953,0.2035,0.1988,0.1856,0.2119,0.1991,0.1875,0.2058,0.1981,0.0965,,,0.1962,0.2031,0.2036,0.1873,0.2058,0.1978,0.1866,0.2064,0.1963,0.0934,,,0.1967,0.2096,0.2048,0.1873,0.1997,0.2021,0.1921,0.2047,0.2037,0.094
8999s,29.9 °C,,0.221,0.2211,0.2301,0.225,0.217,0.2296,0.2445,0.1774,0.2239,0.0921,,,0.2392,0.1779,0.2203,0.2347,0.1771,0.2216,0.2368,0.1761,0.2198,0.0962,,,0.2444,0.1774,0.2259,0.2364,0.1733,0.2165,0.2319,0.1696,0.2105,0.0929,,,0.2323,0.1743,0.2138,0.2313,0.1782,0.2125,0.2282,0.1725,0.2132,0.0954,,,0.2163,0.2142,0.2196,0.2142,0.2191,0.2269,0.2092,0.2185,0.2207,0.093,,,0.2185,0.2282,0.2238,0.2076,0.2367,0.224,0.2096,0.232,0.2232,0.0965,,,0.2191,0.2282,0.2283,0.2089,0.2301,0.2224,0.2086,0.231,0.2201,0.0931,,,0.2196,0.235,0.2299,0.2067,0.2211,0.2235,0.2097,0.2237,0.2234,0.0941
10799s,29.9 °C,,0.2559,0.2548,0.2658,0.2562,0.2479,0.2621,0.2811,0.1975,0.2549,0.0922,,,0.2757,0.1981,0.2522,0.2708,0.1972,0.2533,0.2729,0.1956,0.2492,0.0963,,,0.2798,0.1971,0.2567,0.2717,0.1932,0.2471,0.2653,0.188,0.2381,0.0927,,,0.2632,0.1928,0.2419,0.2567,0.1945,0.2377,0.2534,0.1877,0.2363,0.0952,,,0.2455,0.2427,0.2504,0.2408,0.2457,0.2567,0.2369,0.2469,0.2497,0.0928,,,0.2491,0.2603,0.2555,0.2355,0.2679,0.2566,0.2387,0.2633,0.2556,0.0962,,,0.249,0.2607,0.2606,0.2374,0.2602,0.2541,0.2346,0.2601,0.2492,0.093,,,0.2438,0.2601,0.2557,0.2255,0.2414,0.2455,0.2264,0.2421,0.2429,0.0939
12599s,29.9 °C,,0.2899,0.2893,0.3031,0.2911,0.2835,0.3013,0.3231,0.2207,0.2946,0.0922,,,0.3149,0.2223,0.2888,0.3097,0.221,0.2925,0.3154,0.2202,0.2893,0.0962,,,0.3192,0.2212,0.2938,0.3101,0.2161,0.2844,0.3018,0.2101,0.2725,0.0941,,,0.2981,0.214,0.2737,0.2865,0.2127,0.2647,0.28,0.2042,0.2608,0.0954,,,0.2825,0.2784,0.2872,0.2752,0.2799,0.2934,0.2719,0.2829,0.2866,0.0926,,,0.2844,0.2981,0.2927,0.2701,0.3059,0.2961,0.2763,0.3041,0.294,0.0962,,,0.2838,0.2987,0.2981,0.271,0.2967,0.2905,0.2662,0.2945,0.2841,0.0931,,,0.2698,0.2875,0.2831,0.2435,0.2592,0.2658,0.2411,0.2574,0.2581,0.0937
14399s,29.9 °C,,0.3322,0.3335,0.3501,0.3332,0.3247,0.3478,0.3707,0.2524,0.3368,0.0919,,,0.3653,0.2544,0.3344,0.3585,0.2537,0.3366,0.3655,0.2514,0.3313,0.0958,,,0.367,0.2516,0.3368,0.3568,0.2454,0.3263,0.3455,0.2374,0.3101,0.0946,,,0.3346,0.2383,0.3074,0.3163,0.234,0.2965,0.3072,0.2245,0.2866,0.095,,,0.3234,0.3184,0.3301,0.3131,0.3178,0.335,0.3112,0.3243,0.3284,0.0927,,,0.328,0.3441,0.3394,0.3112,0.3505,0.3419,0.3166,0.3482,0.3393,0.0958,,,0.3249,0.3438,0.3425,0.3086,0.3381,0.333,0.3002,0.3319,0.322,0.093,,,0.2973,0.3173,0.3133,0.2619,0.2771,0.2856,0.256,0.2735,0.2761,0.0936
16199s,29.9 °C,,0.3936,0.3901,0.401,0.3873,0.3772,0.3989,0.4159,0.2913,0.3885,0.0918,,,0.4108,0.2905,0.383,0.4042,0.2897,0.3876,0.4132,0.2888,0.3853,0.0959,,,0.4141,0.2871,0.3863,0.4027,0.2799,0.3763,0.394,0.2711,0.3592,0.0953,,,0.3796,0.2684,0.3491,0.3503,0.2557,0.328,0.3368,0.2458,0.3155,0.0952,,,0.3751,0.3677,0.3779,0.3608,0.3631,0.3819,0.3562,0.3688,0.3746,0.0927,,,0.3768,0.3901,0.3852,0.3574,0.3975,0.3879,0.3644,0.3969,0.389,0.0961,,,0.3739,0.393,0.3916,0.3544,0.3836,0.3786,0.3377,0.3716,0.3654,0.093,,,0.3259,0.3472,0.3426,0.2787,0.2948,0.3046,0.269,0.286,0.2892,0.0936
17999s,29.9 °C,,0.4447,0.4367,0.4427,0.4338,0.423,0.4421,0.4568,0.3377,0.432,0.0919,,,0.4498,0.3372,0.4273,0.444,0.3355,0.4329,0.4549,0.3364,0.4339,0.096,,,0.4546,0.3324,0.4293,0.4446,0.3228,0.4223,0.437,0.3123,0.4022,0.093,,,0.4211,0.2997,0.3928,0.3878,0.2824,0.3675,0.3715,0.2697,0.3485,0.0951,,,0.423,0.4151,0.4244,0.4067,0.4086,0.4262,0.4026,0.4141,0.4181,0.0927,,,0.4233,0.4348,0.4304,0.403,0.4391,0.4317,0.4132,0.4426,0.4397,0.0959,,,0.4209,0.4375,0.4369,0.3969,0.4252,0.4208,0.3787,0.413,0.4051,0.093,,,0.3525,0.3772,0.3722,0.2962,0.3116,0.3228,0.2826,0.2989,0.3048,0.0935
19799s,29.9 °C,,0.4738,0.4659,0.4659,0.4646,0.4535,0.469,0.4814,0.386,0.4632,0.0919,,,0.4731,0.3824,0.455,0.4682,0.3803,0.4604,0.4834,0.3875,0.4668,0.0957,,,0.479,0.3778,0.4577,0.4701,0.3691,0.4553,0.4692,0.3589,0.4463,0.0924,,,0.4598,0.335,0.4308,0.4257,0.3086,0.4064,0.4109,0.2942,0.3853,0.0949,,,0.455,0.4469,0.4529,0.4427,0.4458,0.4585,0.4417,0.447,0.453,0.0926,,,0.457,0.4646,0.4621,0.4407,0.4674,0.4607,0.4592,0.476,0.4777,0.0958,,,0.4593,0.4672,0.4702,0.4396,0.4636,0.4608,0.4183,0.4496,0.4432,0.0927,,,0.3822,0.4084,0.404,0.3144,0.3296,0.3416,0.2966,0.3123,0.3183,0.0934
21599s,29.9 °C,,0.4877,0.4817,0.4846,0.4851,0.474,0.4963,0.5038,0.4259,0.4857,0.0917,,,0.4948,0.4254,0.4778,0.4914,0.4222,0.4829,0.5087,0.431,0.4922,0.0955,,,0.4995,0.4199,0.4802,0.4916,0.411,0.4792,0.4931,0.3985,0.472,0.0936,,,0.4903,0.375,0.467,0.459,0.3389,0.4449,0.4478,0.3216,0.4214,0.095,,,0.4793,0.4704,0.4752,0.4651,0.469,0.4812,0.4683,0.4742,0.4844,0.0922,,,0.4828,0.4893,0.4865,0.4697,0.4899,0.4855,0.5082,0.4967,0.5029,0.0956,,,0.4889,0.4932,0.4955,0.4734,0.4886,0.4881,0.4496,0.4803,0.4729,0.0927,,,0.4118,0.4397,0.4376,0.3324,0.3498,0.3618,0.3118,0.3277,0.333,0.0935
23399s,29.9 °C,,0.4998,0.4975,0.5067,0.5037,0.4917,0.5164,0.529,0.4508,0.5077,0.0918,,,0.5195,0.452,0.5001,0.5154,0.4514,0.5072,0.5394,0.4602,0.5207,0.0954,,,0.5224,0.448,0.5009,0.5109,0.4422,0.4993,0.5154,0.4365,0.4967,0.0952,,,0.5131,0.4117,0.4931,0.4906,0.3731,0.4833,0.4803,0.353,0.4572,0.0949,,,0.5032,0.4931,0.4985,0.4881,0.4918,0.5048,0.4907,0.4965,0.5119,0.0924,,,0.5062,0.513,0.5108,0.4943,0.5131,0.504,0.5637,0.5169,0.532,0.0956,,,0.5146,0.5167,0.5185,0.501,0.5132,0.5124,0.4842,0.511,0.5076,0.0928,,,0.4389,0.4676,0.4609,0.3504,0.3679,0.3806,0.3272,0.3423,0.3492,0.0934
25198s,29.9 °C,,0.5245,0.5225,0.5298,0.5277,0.5169,0.5413,0.5613,0.4777,0.5368,0.0917,,,0.5456,0.4743,0.524,0.5381,0.4726,0.5294,0.5663,0.4855,0.5507,0.0954,,,0.5475,0.4706,0.5221,0.5309,0.4658,0.5221,0.5381,0.4637,0.5234,0.0955,,,0.5294,0.4485,0.5127,0.5132,0.4083,0.5193,0.513,0.3873,0.4898,0.0948,,,0.5267,0.5165,0.5209,0.512,0.5158,0.5238,0.515,0.52,0.5299,0.0923,,,0.5271,0.5351,0.5321,0.5144,0.5329,0.5233,0.6214,0.5369,0.5524,0.0956,,,0.5352,0.5392,0.5404,0.522,0.533,0.5314,0.5087,0.529,0.5332,0.0925,,,0.4586,0.4897,0.4832,0.3673,0.3853,0.3981,0.3409,0.354,0.3598,0.0934
26998s,29.9 °C,,0.5522,0.5503,0.5533,0.5538,0.5435,0.5599,0.5883,0.5072,0.5695,0.0916,,,0.572,0.497,0.5505,0.5667,0.4948,0.5582,0.5898,0.513,0.5794,0.0953,,,0.5685,0.4926,0.5463,0.5541,0.4868,0.5438,0.5598,0.486,0.5467,0.0946,,,0.5431,0.4773,0.5298,0.5313,0.4412,0.5619,0.5385,0.4218,0.5224,0.0949,,,0.5541,0.5425,0.5473,0.5368,0.5402,0.5442,0.5349,0.541,0.5475,0.0923,,,0.5539,0.5617,0.5583,0.5407,0.5589,0.5487,0.6811,0.5592,0.564,0.0955,,,0.5593,0.5617,0.5624,0.5395,0.5484,0.5459,0.5236,0.5439,0.5429,0.0924,,,0.4772,0.5096,0.5012,0.3821,0.3998,0.4137,0.3516,0.3669,0.3743,0.0933
28798s,29.9 °C,,0.5778,0.5766,0.576,0.58,0.5677,0.5777,0.5995,0.5311,0.588,0.0916,,,0.6002,0.524,0.5759,0.5909,0.5205,0.5784,0.6065,0.5369,0.5986,0.0952,,,0.593,0.5173,0.5698,0.5719,0.507,0.5644,0.5747,0.5075,0.573,0.095,,,0.5544,0.4977,0.5425,0.5444,0.4725,0.6026,0.5548,0.4525,0.5399,0.0948,,,0.583,0.571,0.5759,0.5648,0.5673,0.5747,0.5636,0.5685,0.5709,0.092,,,0.5814,0.5901,0.5863,0.5683,0.587,0.5755,0.7367,0.5804,0.5815,0.0955,,,0.5802,0.585,0.5847,0.5578,0.5661,0.5649,0.5365,0.5522,0.548,0.0923,,,0.4909,0.5193,0.5123,0.3942,0.4133,0.4273,0.3638,0.3789,0.3867,0.0931
30598s,29.9 °C,,0.6039,0.6025,0.6009,0.6053,0.5935,0.6,0.6196,0.5517,0.5983,0.0918,,,0.6268,0.5509,0.6037,0.6179,0.5462,0.6017,0.6183,0.5605,0.613,0.0952,,,0.616,0.541,0.5925,0.5905,0.5262,0.5805,0.5835,0.5285,0.5968,0.0945,,,0.5628,0.5097,0.5506,0.5505,0.4958,0.6466,0.5653,0.4831,0.5571,0.0945,,,0.6115,0.6,0.604,0.5945,0.5949,0.5988,0.5874,0.5925,0.5958,0.0921,,,0.6079,0.6176,0.6136,0.5954,0.6152,0.6055,0.7957,0.6079,0.6055,0.0954,,,0.6007,0.6068,0.6051,0.573,0.5819,0.577,0.5431,0.5595,0.554,0.0923,,,0.4998,0.5281,0.5193,0.4042,0.421,0.44,0.3742,0.3883,0.3969,0.0932
32398s,29.9 °C,,0.6252,0.6256,0.6281,0.6304,0.6193,0.6275,0.6436,0.5736,0.6243,0.0914,,,0.6511,0.5779,0.6287,0.6423,0.574,0.6255,0.6363,0.5817,0.6243,0.095,,,0.6345,0.5629,0.6142,0.6089,0.5457,0.5952,0.5888,0.5497,0.6133,0.0932,,,0.5747,0.5254,0.5624,0.5612,0.5163,0.6933,0.5759,0.5109,0.5701,0.0946,,,0.6378,0.6263,0.6306,0.6206,0.6196,0.6226,0.6097,0.6145,0.6174,0.092,,,0.6327,0.642,0.6367,0.617,0.6362,0.6259,0.8343,0.6271,0.6253,0.0953,,,0.6179,0.6262,0.6241,0.585,0.5941,0.5907,0.5485,0.563,0.556,0.0923,,,0.5093,0.5309,0.5261,0.4124,0.4271,0.4455,0.3836,0.3971,0.4051,0.093
34198s,29.9 °C,,0.6473,0.6491,0.6506,0.656,0.6436,0.6503,0.6658,0.5969,0.644,0.0916,,,0.6716,0.6065,0.6501,0.6624,0.5996,0.6466,0.6548,0.5984,0.6439,0.095,,,0.6527,0.5869,0.6325,0.6222,0.5645,0.6101,0.5993,0.5724,0.6205,0.0925,,,0.5811,0.5358,0.5708,0.5692,0.5295,0.7388,0.5847,0.5299,0.5785,0.0946,,,0.6628,0.6526,0.6558,0.6467,0.6469,0.6472,0.6352,0.6381,0.6403,0.092,,,0.6564,0.665,0.66,0.6399,0.6589,0.6482,0.8723,0.6472,0.6417,0.0953,,,0.6364,0.6432,0.6407,0.5977,0.6048,0.6029,0.5528,0.5678,0.5588,0.0922,,,0.5159,0.5361,0.527,0.4213,0.4357,0.4541,0.3919,0.402,0.4116,0.0933
35998s,29.9 °C,,0.6672,0.6701,0.6711,0.6744,0.6633,0.6704,0.686,0.6198,0.6655,0.0915,,,0.6949,0.6332,0.6731,0.6828,0.6248,0.6685,0.6728,0.6183,0.66,0.095,,,0.6695,0.6085,0.6498,0.636,0.5831,0.6242,0.6086,0.5822,0.6027,0.0947,,,0.589,0.5453,0.5806,0.5791,0.5418,0.7883,0.5931,0.5423,0.5885,0.0947,,,0.6851,0.6756,0.6779,0.667,0.6701,0.6676,0.6553,0.658,0.6614,0.0919,,,0.6794,0.6858,0.6825,0.6626,0.6805,0.6707,0.9241,0.6676,0.6621,0.0953,,,0.6532,0.658,0.6567,0.6064,0.614,0.6171,0.5598,0.5757,0.564,0.092,,,0.5237,0.5384,0.5297,0.4303,0.4443,0.4611,0.3996,0.4109,0.4218,0.093
37798s,29.9 °C,,0.6865,0.6917,0.688,0.6946,0.6825,0.687,0.7022,0.6427,0.6829,0.0913,,,0.7111,0.6574,0.6923,0.6988,0.6458,0.6858,0.6893,0.6392,0.6742,0.0949,,,0.6849,0.6279,0.6654,0.6454,0.5971,0.6328,0.6113,0.5856,0.6052,0.0938,,,0.5946,0.5551,0.5881,0.5891,0.5542,0.827,0.603,0.5552,0.5998,0.0946,,,0.7055,0.6955,0.6967,0.6878,0.6905,0.6869,0.6779,0.6801,0.6822,0.092,,,0.6965,0.7029,0.7006,0.681,0.6985,0.6918,0.9803,0.6841,0.6817,0.0949,,,0.6659,0.6705,0.6698,0.6157,0.6243,0.6265,0.5618,0.575,0.5682,0.092,,,0.5288,0.541,0.5306,0.4385,0.4499,0.466,0.4076,0.4146,0.4283,0.0927
39598s,29.9 °C,,0.7035,0.7072,0.703,0.7112,0.699,0.7034,0.7173,0.663,0.6991,0.0914,,,0.727,0.6789,0.7101,0.7139,0.6662,0.6995,0.7019,0.656,0.6872,0.0948,,,0.6975,0.646,0.6792,0.6571,0.6127,0.6449,0.6221,0.5922,0.6131,0.0934,,,0.5961,0.5616,0.5928,0.5929,0.5611,0.8564,0.6092,0.5652,0.6083,0.0944,,,0.7236,0.7139,0.7141,0.7091,0.7112,0.7037,0.6947,0.6956,0.6979,0.0915,,,0.7156,0.7206,0.718,0.6966,0.715,0.7044,1.0276,0.7004,0.6964,0.095,,,0.6791,0.6888,0.6836,0.6278,0.6368,0.6432,0.567,0.5793,0.5755,0.0918,,,0.5334,0.5443,0.533,0.446,0.4573,0.4729,0.4152,0.4212,0.4303,0.0926
41398s,29.9 °C,,0.7182,0.7218,0.7163,0.7267,0.7154,0.718,0.7293,0.6808,0.7129,0.0914,,,0.7413,0.6981,0.7243,0.7259,0.6846,0.7147,0.716,0.6762,0.7011,0.095,,,0.7085,0.6606,0.6913,0.6655,0.6242,0.6548,0.6264,0.5974,0.6195,0.0941,,,0.599,0.5669,0.5953,0.598,0.5716,0.9035,0.6211,0.5788,0.6216,0.0945,,,0.7399,0.7318,0.7303,0.7243,0.7238,0.7175,0.7108,0.7113,0.7149,0.0918,,,0.7298,0.7339,0.7313,0.7112,0.7296,0.7204,1.0763,0.7148,0.7062,0.095,,,0.6879,0.6959,0.6917,0.6313,0.6466,0.6415,0.5672,0.5844,0.584,0.092,,,0.5416,0.5482,0.5356,0.4577,0.4707,0.4827,0.4236,0.432,0.4473,0.0929
43198s,29.9 °C,,0.7304,0.7345,0.7292,0.7391,0.7267,0.7271,0.7407,0.696,0.7254,0.0914,,,0.7525,0.7123,0.7368,0.7367,0.6997,0.7263,0.7288,0.6881,0.7124,0.0949,,,0.7174,0.6731,0.7036,0.6744,0.6336,0.661,0.6286,0.6028,0.6229,0.0941,,,0.6037,0.5752,0.6003,0.6043,0.5806,0.9427,0.6258,0.585,0.6269,0.0944,,,0.7543,0.7461,0.7424,0.741,0.7421,0.7325,0.7258,0.7259,0.7293,0.0918,,,0.744,0.7482,0.7441,0.725,0.7448,0.735,1.1262,0.7283,0.723,0.0951,,,0.6994,0.7088,0.7001,0.6368,0.6548,0.6478,0.5723,0.5888,0.5816,0.0919,,,0.5445,0.5525,0.5386,0.4681,0.4865,0.4954,0.4295,0.455,0.4803,0.0927
44998s,29.9 °C,,0.7418,0.7466,0.7399,0.7515,0.7375,0.7376,0.7495,0.7079,0.735,0.0914,,,0.7631,0.7275,0.7482,0.7461,0.7125,0.7372,0.7384,0.7014,0.7236,0.0948,,,0.7266,0.6848,0.7144,0.6786,0.6429,0.669,0.6297,0.6029,0.6253,0.0937,,,0.601,0.5769,0.5988,0.6042,0.585,0.9774,0.6301,0.5905,0.6295,0.0944,,,0.7659,0.758,0.7539,0.7541,0.7536,0.7444,0.735,0.7344,0.7406,0.0917,,,0.7548,0.7588,0.7556,0.7357,0.7551,0.7437,1.1724,0.7383,0.7338,0.0949,,,0.708,0.719,0.7088,0.6419,0.6571,0.6501,0.5734,0.5867,0.584,0.0917,,,0.5497,0.556,0.543,0.4765,0.5094,0.5246,0.4365,0.4667,0.4921,0.0926
46798s,29.9 °C,,0.7506,0.7558,0.7485,0.7624,0.7498,0.7486,0.7595,0.7223,0.746,0.0913,,,0.772,0.7406,0.758,0.7545,0.7247,0.745,0.7447,0.7108,0.7324,0.0948,,,0.7337,0.696,0.7234,0.684,0.6505,0.6752,0.6354,0.6091,0.6287,0.0943,,,0.6057,0.5815,0.6011,0.6081,0.5892,1.0083,0.6334,0.6,0.6382,0.0942,,,0.7779,0.7686,0.765,0.7647,0.7656,0.7538,0.7467,0.7459,0.7502,0.0916,,,0.7656,0.7696,0.7662,0.7468,0.7647,0.7564,1.21,0.7482,0.7422,0.0948,,,0.7162,0.7248,0.7146,0.6453,0.6555,0.6545,0.5739,0.587,0.5852,0.0916,,,0.5552,0.5614,0.5462,0.4877,0.5278,0.5298,0.4444,0.4861,0.5034,0.0926
48598s,29.9 °C,,0.7586,0.7662,0.7591,0.7719,0.7585,0.7574,0.7668,0.7324,0.7553,0.0913,,,0.7795,0.7499,0.7669,0.7618,0.7355,0.7535,0.7498,0.7206,0.7406,0.0948,,,0.741,0.7045,0.7293,0.6884,0.6561,0.6801,0.6371,0.6128,0.6338,0.0942,,,0.6048,0.5831,0.6037,0.6118,0.595,1.0441,0.6385,0.6082,0.6455,0.0942,,,0.7873,0.7768,0.7727,0.772,0.7743,0.7627,0.7546,0.7553,0.7605,0.0916,,,0.7728,0.777,0.7731,0.7549,0.7745,0.7639,1.2451,0.7559,0.7511,0.0948,,,0.7222,0.7304,0.7222,0.6481,0.6575,0.6535,0.5739,0.5857,0.5809,0.0916,,,0.557,0.566,0.5501,0.4957,0.54,0.5431,0.4567,0.4937,0.5129,0.0922
50398s,29.9 °C,,0.7648,0.7717,0.7645,0.7773,0.7637,0.7625,0.771,0.74,0.7616,0.0913,,,0.7848,0.7595,0.7754,0.7693,0.7451,0.7614,0.7594,0.7316,0.7473,0.0947,,,0.7456,0.7142,0.7372,0.6929,0.6635,0.6858,0.6406,0.6168,0.6362,0.0938,,,0.6061,0.5848,0.604,0.6133,0.6002,1.0737,0.64,0.6147,0.6467,0.094,,,0.7946,0.7864,0.7814,0.7818,0.7831,0.7716,0.7651,0.7632,0.7678,0.0915,,,0.7805,0.7842,0.7802,0.7621,0.7806,0.7691,1.2708,0.7619,0.7539,0.0947,,,0.7292,0.7358,0.7288,0.6491,0.6595,0.6564,0.5772,0.5885,0.5764,0.0916,,,0.5615,0.5671,0.5579,0.5026,0.5492,0.5578,0.4769,0.5057,0.5228,0.0923
52197s,29.9 °C,,0.7718,0.7794,0.7718,0.786,0.7742,0.7712,0.7786,0.7507,0.7694,0.0913,,,0.791,0.7684,0.7816,0.7732,0.7532,0.7674,0.7636,0.7398,0.7555,0.0948,,,0.7524,0.7219,0.7441,0.699,0.6696,0.6914,0.6418,0.6203,0.6384,0.0937,,,0.6061,0.5864,0.6059,0.6129,0.6045,1.1037,0.6416,0.6212,0.6511,0.0942,,,0.8027,0.7959,0.7913,0.7928,0.7919,0.7805,0.7732,0.7704,0.7738,0.0916,,,0.7867,0.791,0.7875,0.7689,0.7878,0.7787,1.3051,0.7726,0.7643,0.0946,,,0.7347,0.743,0.7372,0.6541,0.6619,0.6614,0.5764,0.588,0.5748,0.0918,,,0.5661,0.5708,0.5653,0.5124,0.5579,0.5606,0.4908,0.5164,0.539,0.0924
53997s,29.9 °C,,0.7758,0.7845,0.7773,0.7911,0.7775,0.7756,0.7794,0.756,0.7741,0.0911,,,0.7951,0.7767,0.7868,0.7785,0.7609,0.7736,0.7699,0.7468,0.7608,0.0946,,,0.7563,0.728,0.7471,0.7025,0.6755,0.6932,0.6414,0.6202,0.6384,0.0937,,,0.6079,0.5868,0.6055,0.6146,0.6072,1.1358,0.6466,0.6232,0.6522,0.0939,,,0.8085,0.802,0.7958,0.7991,0.7989,0.7869,0.7777,0.7768,0.7809,0.0914,,,0.795,0.7996,0.796,0.7783,0.7953,0.7863,1.3364,0.7783,0.7731,0.0946,,,0.7425,0.7515,0.7434,0.6593,0.6661,0.667,0.5777,0.589,0.5797,0.0915,,,0.5681,0.5725,0.5663,0.5179,0.5619,0.5571,0.4996,0.5245,0.5413,0.0921
55797s,29.8 °C,,0.7807,0.79,0.7818,0.7956,0.7823,0.7813,0.7834,0.7637,0.7799,0.0912,,,0.7978,0.7841,0.792,0.782,0.767,0.7788,0.7744,0.7545,0.7684,0.0946,,,0.7609,0.7349,0.7537,0.7058,0.6799,0.6973,0.6438,0.6226,0.6437,0.0935,,,0.6059,0.585,0.6059,0.6135,0.6083,1.1624,0.6472,0.6287,0.6573,0.0941,,,0.8143,0.8084,0.8026,0.8047,0.8055,0.7938,0.7851,0.7837,0.788,0.0915,,,0.7991,0.8021,0.7987,0.7812,0.8003,0.7916,1.3561,0.785,0.7798,0.0945,,,0.7472,0.7536,0.7487,0.6596,0.6677,0.666,0.5786,0.5888,0.58,0.0915,,,0.5733,0.5766,0.5671,0.522,0.568,0.5664,0.5019,0.5384,0.552,0.0921
0s,29.9 °C,,5,5,5,5,4,5,4,5,4,4,,,5,4,4,4,4,4,4,4,4,4,,,5,5,4,4,4,4,5,4,5,4,,,4,5,4,4,4,5,5,4,5,4,,,5,5,4,4,4,5,5,4,4,4,,,4,4,5,4,4,4,4,4,4,4,,,4,5,5,5,4,4,4,4,4,4,,,4,4,4,4,4,5,4,5,4,4
1799s,29.8 °C,,0,0,0,0,0,0,0,0,1,0,,,0,0,0,0,0,0,0,0,0,0,,,0,0,0,0,0,0,0,0,0,0,,,0,0,0,0,0,0,0,0,0,0,,,0,0,0,0,0,0,0,0,0,0,,,0,0,0,0,0,0,0,0,0,0,,,0,0,0,0,0,0,0,0,0,0,,,0,0,0,0,0,0,0,0,0,0
3599s,29.8 °C,,-1,-1,-1,-1,-1,-1,-1,-1,-1,-1,,,-2,-2,-1,-1,-1,-1,-1,-1,-1,-1,,,-1,-1,-2,-1,-2,-1,-1,-2,-1,-1,,,-1,-2,-1,-1,-1,-1,1,-1,0,-1,,,-1,-1,-2,-2,-2,-2,-2,-2,-1,-2,,,-1,-1,-1,-2,-2,-2,-1,-1,-2,-1,,,-2,-2,-1,-2,-2,-1,-2,-1,-1,-1,,,-2,-1,-2,-1,-1,-2,-1,-1,-2,-1
5399s,29.8 °C,,-1,-2,-1,-2,-1,-2,-1,-2,-2,-2,,,-2,-2,-2,-2,-2,-2,-2,-1,-2,-2,,,-2,-2,-2,-2,-2,-2,-2,-2,-2,-2,,,0,-2,-1,6,-1,3,15,1,9,-2,,,-2,-2,-2,-2,-2,-2,-2,-2,-2,-2,,,-2,-2,-2,-2,-2,-2,-2,-2,-2,-2,,,-2,-2,-2,-2,-2,-2,-2,-2,-1,-1,,,-2,-2,-2,-2,-2,-2,-2,-1,-2,-1
7199s,29.8 °C,,-1,-1,-1,-2,-2,-2,-2,-2,-2,-1,,,-2,-2,-2,-2,-2,-2,-1,-2,-2,-1,,,-2,-2,-2,-1,-2,-1,0,-1,-1,-2,,,8,0,4,30,6,19,54,15,36,-2,,,-2,-2,-2,-2,-2,-2,-2,-2,-2,-2,,,-2,-2,-2,-2,-1,-2,-2,-2,-2,-1,,,-2,-2,-2,-2,-2,-2,-2,-2,-2,-2,,,-2,-2,-2,-1,-2,-2,-2,-2,-2,-1
8999s,29.8 °C,,-1,-1,-1,-2,-2,-1,-2,-2,-2,-2,,,-1,-1,-1,-2,-2,-2,-1,-2,-1,-1,,,-1,-1,-2,0,-1,-1,4,0,2,-2,,,28,6,17,79,25,57,120,44,87,-2,,,-2,-2,-2,-2,-2,-2,-2,-2,-2,-2,,,-2,-2,-2,-2,-2,-2,-2,-2,-2,-2,,,-2,-2,-2,-2,-2,-2,-2,-2,-2,-2,,,-2,-2,-2,-1,-1,-1,-1,-2,-2,-1
10799s,29.8 °C,,-1,-1,-2,-1,-1,-1,-1,-1,-1,-1,,,-1,-2,-1,-1,-2,-1,-1,-1,-2,-1,,,-1,-1,-1,3,0,2,14,4,9,-1,,,65,23,45,153,63,121,210,91,162,-1,,,-1,-1,-1,-2,-2,-1,-2,-2,-2,-2,,,-1,-1,-2,-1,-2,-2,-2,-2,-1,-1,,,-1,-2,-2,-2,-2,-1,-1,-1,-2,-2,,,-2,-2,-1,-2,-2,-2,-2,-2,-2,-2
12599s,29.8 °C,,-2,-1,-2,-2,-1,-2,-1,-2,-2,-2,,,-2,-2,-2,-1,-1,-2,-1,-2,-1,-1,,,1,-1,-1,9,3,6,30,12,22,-2,,,125,53,89,256,122,214,321,155,255,-2,,,-2,-2,-2,-2,-2,-2,-2,-2,-2,-2,,,-2,-2,-2,-2,-2,-2,-2,-2,-2,-1,,,-2,-2,-2,-2,-2,-2,-2,-2,-2,-2,,,-2,-2,-2,-2,-2,-2,-2,-2,-2,-2
14399s,29.8 °C,,-2,-2,-2,-2,-2,-2,-2,-2,-2,-2,,,-2,-2,-2,-2,-2,-1,-1,-1,-1,-1,,,3,0,2,20,9,14,57,28,42,-2,,,203,102,154,376,199,333,449,232,365,-2,,,-2,-2,-3,-2,-2,-2,-2,-2,-2,-2,,,-2,-2,-2,-2,-2,-2,-2,-2,-2,-2,,,-2,-2,-2,-2,-2,-3,-2,-2,-2,-2,,,-2,-2,-2,-2,-2,-2,-2,-2,-2,-2
16199s,29.8 °C,,-2,-1,-2,-2,-2,-2,-1,-2,-2,-2,,,-2,-2,-2,-1,-2,-2,0,-1,0,-2,,,6,3,5,33,20,26,91,53,72,-2,,,301,170,237,518,294,484,588,323,488,-2,,,-2,-2,-2,-2,-2,-2,-2,-2,-2,-2,,,-2,-2,-2,-2,-2,-2,-2,-2,-2,-2,,,-2,-2,-2,-2,-2,-2,-3,-2,-2,-2,,,-2,-2,-2,-2,-2,-3,-2,-2,-2,-2
17999s,29.8 °C,,-2,-2,-3,-2,-2,-2,-2,-2,-2,-2,,,-2,-2,-2,-2,-2,-1,1,0,0,-2,,,10,8,9,46,38,38,125,90,104,-2,,,408,258,334,668,406,671,741,430,626,-2,,,-2,-2,-2,-2,-2,-2,-2,-2,-2,-2,,,-2,-2,-3,-3,-2,-3,-2,-3,-3,-2,,,-3,-2,-2,-2,-2,-3,-2,-2,-2,-2,,,-3,-3,-2,-2,-2,-3,-2,-2,-2,-3
19799s,29.8 °C,,-2,-2,-2,-2,-3,-2,-2,-2,-2,-2,,,-2,-3,-2,-1,-2,-2,1,1,1,-3,,,12,15,11,55,61,48,152,136,133,-2,,,499,366,430,813,534,878,894,549,775,-2,,,-3,-2,-2,-3,-2,-2,-2,-3,-2,-3,,,-2,-3,-3,-3,-3,-3,-3,-3,-3,-3,,,-3,-3,-3,-3,-3,-3,-3,-3,-3,-3,,,-3,-3,-3,-3,-3,-3,-3,-3,-3,-3
21598s,29.8 °C,,-3,-3,-3,-3,-3,-3,-3,-3,-2,-3,,,-3,-3,-3,-2,-2,-2,1,2,1,-3,,,12,21,13,59,85,54,165,183,154,-3,,,570,486,511,945,678,1126,1050,673,914,-3,,,-3,-3,-3,-3,-3,-3,-3,-3,-3,-3,,,-3,-4,-4,-3,-3,-4,-3,-3,-3,-3,,,-3,-3,-3,-3,-3,-3,-4,-4,-3,-3,,,-3,-3,-3,-3,-3,-4,-3,-3,-4,-3
23399s,29.8 °C,,-3,-3,-3,-3,-3,-3,-3,-3,-3,-3,,,-3,-3,-3,-2,-1,-3,1,4,0,-3,,,12,26,12,61,106,56,174,227,166,-3,,,608,607,564,1055,832,1415,1193,821,1067,-4,,,-3,-3,-3,-3,-4,-3,-3,-3,-3,-4,,,-4,-4,-4,-3,-4,-4,-4,-3,-4,-4,,,-4,-4,-4,-4,-4,-3,-4,-4,-3,-4,,,-4,-4,-4,-4,-4,-3,-4,-4,-3,-3
25199s,29.8 °C,,-4,-4,-4,-4,-4,-4,-4,-4,-4,-4,,,-4,-3,-4,-2,-2,-3,0,4,0,-4,,,12,29,13,62,116,57,179,255,172,-4,,,626,716,594,1124,991,1739,1327,972,1198,-4,,,-4,-4,-4,-3,-4,-3,-4,-3,-4,-4,,,-4,-4,-4,-4,-4,-4,-4,-4,-4,-4,,,-4,-4,-4,-4,-4,-4,-4,-4,-4,-4,,,-4,-4,-4,-4,-4,-4,-4,-4,-4,-4
26998s,29.8 °C,,-4,-4,-4,-4,-4,-4,-4,-4,-4,-4,,,-4,-4,-4,-3,-2,-3,0,4,0,-4,,,11,30,12,62,123,58,181,272,175,-4,,,633,796,600,1157,1140,2080,1399,1125,1303,-4,,,-4,-4,-4,-4,-4,-3,-4,-3,-4,-4,,,-5,-5,-5,-5,-4,-4,-5,-5,-4,-5,,,-4,-5,-4,-5,-4,-4,-5,-4,-4,-4,,,-5,-5,-4,-4,-5,-4,-4,-4,-5,-4
28798s,29.8 °C,,-4,-5,-4,-5,-5,-5,-5,-4,-4,-5,,,-4,-4,-4,-3,-2,-4,0,4,0,-4,,,12,30,12,60,126,58,182,280,179,-5,,,641,841,610,1165,1274,2460,1441,1266,1367,-5,,,-4,-5,-4,-5,-4,-4,-4,-4,-5,-5,,,-5,-5,-5,-5,-5,-5,-5,-5,-5,-5,,,-5,-5,-5,-5,-5,-5,-5,-5,-5,-5,,,-5,-5,-5,-5,-5,-5,-5,-5,-5,-4
30598s,29.8 °C,,-5,-5,-5,-5,-5,-5,-4,-5,-5,-5,,,-5,-4,-5,-4,-3,-4,0,4,-1,-5,,,11,30,11,61,127,56,179,287,181,-5,,,638,870,607,1172,1372,2896,1459,1405,1404,-5,,,-4,-5,-5,-5,-4,-4,-4,-4,-4,-5,,,-6,-5,-5,-5,-6,-5,-5,-5,-5,-5,,,-6,-5,-5,-5,-5,-5,-5,-5,-5,-5,,,-5,-5,-5,-5,-5,-6,-5,-5,-5,-5
32398s,29.8 °C,,-5,-5,-5,-5,-5,-5,-5,-5,-6,-5,,,-5,-5,-6,-4,-3,-4,-1,3,-1,-6,,,10,29,11,60,125,57,177,288,181,-6,,,637,874,606,1176,1432,3320,1468,1490,1426,-6,,,-5,-5,-5,-5,-5,-4,-5,-5,-5,-5,,,-6,-6,-6,-6,-6,-6,-5,-6,-6,-6,,,-6,-5,-6,-6,-6,-6,-6,-6,-5,-5,,,-6,-6,-6,-6,-6,-6,-6,-5,-6,-6
34198s,29.7 °C,,-6,-6,-6,-6,-6,-6,-6,-6,-6,-6,,,-6,-6,-6,-4,-3,-5,-1,2,-2,-6,,,10,28,11,59,126,55,177,288,178,-6,,,631,878,608,1175,1461,3743,1466,1559,1429,-6,,,-6,-6,-5,-5,-5,-4,-5,-5,-6,-6,,,-6,-6,-6,-6,-6,-6,-6,-7,-6,-6,,,-7,-6,-6,-6,-6,-7,-6,-6,-6,-6,,,-6,-6,-6,-6,-6,-6,-6,-6,-6,-6
35998s,29.8 °C,,-6,-6,-6,-6,-6,-7,-6,-6,-6,-6,,,-6,-6,-6,-5,-4,-5,-2,2,-2,-7,,,9,28,10,59,124,55,174,287,172,-6,,,631,881,606,1172,1475,4197,1473,1589,1435,-7,,,-7,-7,-6,-6,-6,-4,-5,-5,-6,-7,,,-7,-7,-7,-7,-7,-7,-6,-7,-6,-7,,,-7,-7,-7,-7,-7,-7,-7,-7,-7,-7,,,-7,-7,-7,-7,-7,-6,-7,-7,-7,-6
37798s,29.7 °C,,-7,-6,-6,-7,-7,-7,-6,-6,-6,-7,,,-6,-6,-6,-6,-5,-5,-2,1,-2,-7,,,9,28,10,59,124,56,174,283,171,-7,,,630,878,607,1172,1483,4701,1465,1612,1435,-7,,,-7,-6,-7,-6,-6,-5,-6,-6,-7,-7,,,-7,-7,-7,-7,-7,-7,-7,-7,-7,-7,,,-7,-8,-7,-7,-7,-7,-7,-7,-7,-7,,,-7,-7,-7,-7,-8,-7,-7,-7,-7,-6
39598s,29.7 °C,,-7,-7,-7,-7,-6,-7,-7,-7,-7,-7,,,-7,-6,-6,-5,-4,-5,-2,1,-3,-7,,,9,27,9,58,123,55,177,282,169,-7,,,630,877,603,1168,1488,5183,1464,1612,1434,-7,,,-7,-7,-7,-6,-5,-4,-6,-6,-6,-7,,,-8,-7,-7,-7,-7,-7,-7,-7,-7,-7,,,-7,-7,-7,-7,-7,-7,-7,-7,-7,-6,,,-7,-7,-7,-7,-7,-7,-7,-7,-7,-7
41398s,29.7 °C,,-7,-7,-7,-7,-7,-7,-7,-7,-7,-7,,,-7,-7,-7,-6,-5,-5,-3,1,-2,-7,,,9,27,10,58,123,55,174,278,170,-7,,,628,871,606,1165,1481,5619,1461,1608,1425,-7,,,-7,-7,-7,-7,-5,-4,-6,-6,-6,-7,,,-7,-7,-8,-7,-7,-7,-7,-7,-7,-7,,,-8,-7,-7,-7,-7,-7,-7,-7,-7,-7,,,-7,-7,-7,-8,-7,-7,-8,-7,-7,-7
43198s,29.7 °C,,-7,-7,-7,-7,-7,-7,-7,-7,-7,-7,,,-6,-7,-7,-5,-4,-6,-3,1,-2,-7,,,9,27,10,59,123,56,174,279,170,-7,,,626,877,603,1166,1488,6067,1460,1609,1428,-7,,,-7,-7,-7,-6,-6,-4,-5,-6,-6,-7,,,-8,-7,-7,-7,-7,-7,-7,-7,-7,-7,,,-7,-7,-7,-7,-7,-7,-7,-7,-7,-7,,,-7,-7,-7,-7,-7,-7,-7,-7,-7,-7
44998s,29.7 °C,,-6,-6,-6,-6,-6,-6,-6,-6,-7,-6,,,-7,-6,-7,-5,-4,-5,-2,2,-2,-7,,,10,27,11,59,123,56,176,278,170,-7,,,629,876,602,1165,1483,6489,1458,1612,1425,-7,,,-7,-6,-7,-6,-5,-3,-5,-5,-6,-7,,,-7,-7,-7,-7,-7,-7,-6,-7,-7,-7,,,-7,-7,-7,-7,-7,-7,-7,-7,-6,-7,,,-7,-7,-7,-6,-7,-7,-7,-7,-7,-7
46798s,29.7 °C,,-6,-6,-6,-6,-6,-6,-6,-6,-6,-6,,,-6,-6,-6,-4,-4,-5,-2,3,-1,-6,,,10,28,11,60,124,57,175,276,171,-6,,,625,871,605,1164,1479,6888,1452,1606,1425,-7,,,-6,-6,-6,-6,-5,-2,-5,-5,-5,-7,,,-7,-7,-6,-6,-6,-6,-6,-6,-7,-6,,,-7,-7,-7,-6,-6,-6,-6,-7,-7,-6,,,-7,-7,-7,-7,-7,-7,-6,-7,-6,-7
48597s,29.7 °C,,-6,-6,-6,-6,-6,-6,-5,-6,-6,-6,,,-5,-5,-5,-4,-4,-5,-1,3,-2,-6,,,11,30,12,62,127,58,181,284,174,-6,,,635,872,605,1162,1493,7404,1480,1625,1429,-6,,,-6,-6,-6,-5,-4,-2,-4,-5,-5,-6,,,-6,-7,-6,-6,-6,-6,-6,-6,-6,-6,,,-6,-6,-6,-6,-6,-6,-6,-7,-6,-6,,,-6,-6,-6,-6,-6,-6,-6,-6,-6,-6
50397s,29.7 °C,,-6,-6,-6,-6,-6,-6,-5,-6,-6,-6,,,-6,-5,-6,-4,-4,-4,0,3,-1,-6,,,11,29,11,61,123,57,178,280,174,-6,,,629,870,603,1159,1481,7763,1452,1620,1420,-7,,,-6,-6,-6,-5,-4,-1,-4,-5,-6,-6,,,-6,-7,-7,-7,-7,-6,-6,-6,-6,-7,,,-6,-6,-6,-7,-6,-6,-7,-6,-7,-6,,,-7,-6,-6,-6,-6,-6,-7,-7,-6,-6
52197s,29.7 °C,,-6,-6,-6,-6,-6,-6,-6,-6,-6,-6,,,-6,-6,-6,-4,-4,-5,-1,2,-1,-7,,,10,28,12,61,123,58,177,276,173,-6,,,623,867,601,1149,1469,8155,1449,1599,1410,-6,,,-6,-5,-6,-5,-4,-2,-4,-5,-5,-6,,,-7,-7,-6,-6,-7,-6,-6,-6,-6,-6,,,-7,-7,-6,-6,-6,-6,-7,-7,-6,-6,,,-7,-6,-6,-7,-6,-6,-7,-6,-7,-7
53997s,29.8 °C,,-5,-6,-6,-5,-6,-6,-6,-6,-6,-6,,,-6,-6,-6,-5,-3,-4,-1,3,-1,-6,,,11,29,12,60,124,58,178,276,172,-6,,,624,862,599,1146,1462,8586,1442,1593,1404,-6,,,-6,-6,-6,-5,-4,-1,-4,-4,-6,-6,,,-7,-6,-6,-6,-6,-6,-6,-6,-6,-6,,,-6,-7,-6,-6,-6,-6,-6,-6,-6,-6,,,-6,-7,-7,-6,-7,-6,-6,-6,-7,-6
55797s,29.8 °C,,-6,-6,-6,-6,-6,-6,-6,-6,-6,-6,,,-6,-6,-6,-4,-3,-4,0,3,-1,-6,,,11,29,12,62,124,59,180,280,174,-6,,,630,864,605,1152,1485,9066,1445,1597,1407,-6,,,-6,-6,-6,-5,-4,-1,-4,-5,-5,-6,,,-7,-6,-6,-6,-6,-6,-6,-6,-6,-6,,,-7,-6,-6,-6,-6,-6,-7,-7,-6,-7,,,-7,-6,-6,-7,-6,-7,-6,-7,-6,-7
0s,30.0 °C,,365,365,367,367,368,368,364,365,367,367,,,371,371,369,365,369,369,370,374,373,374,,,374,371,372,369,369,371,368,373,370,376,,,369,371,368,369,371,366,371,371,372,374,,,372,371,373,370,369,373,368,368,373,372,,,374,371,369,368,376,375,373,380,377,374,,,371,379,372,368,375,377,368,376,377,370,,,369,370,374,365,374,374,369,377,375,368
1799s,29.9 °C,,352,351,352,350,352,353,351,352,352,352,,,359,358,355,349,355,355,354,357,355,359,,,362,359,356,352,355,356,353,359,356,359,,,355,358,353,354,358,350,357,357,354,360,,,357,358,357,357,355,355,354,351,355,359,,,359,357,354,354,362,360,358,363,360,358,,,358,366,361,354,360,361,352,359,361,357,,,356,357,359,357,363,362,366,368,366,357
3599s,29.9 °C,,349,348,349,349,347,349,348,349,348,352,,,355,357,352,349,353,352,349,355,352,359,,,360,355,354,352,352,351,350,355,353,359,,,354,355,352,354,355,348,358,356,354,358,,,356,355,354,356,353,354,353,348,355,358,,,356,355,353,351,359,358,356,360,357,360,,,355,362,356,354,358,359,353,359,362,355,,,363,369,368,381,395,389,406,420,415,355
5399s,29.9 °C,,352,354,352,353,356,355,354,356,350,357,,,355,359,356,351,356,354,355,360,356,366,,,366,359,360,356,354,355,354,361,357,365,,,356,361,358,363,360,355,367,366,365,366,,,356,359,357,356,355,358,352,350,354,362,,,361,357,356,354,362,363,358,367,361,363,,,357,364,361,359,366,365,362,371,373,360,,,400,412,409,468,494,480,524,544,537,360
7199s,29.9 °C,,346,348,346,350,348,350,345,348,345,356,,,354,356,352,346,353,352,351,356,352,363,,,360,356,355,349,353,349,350,357,353,364,,,359,357,356,366,360,359,368,362,363,361,,,354,354,354,355,351,352,348,349,351,362,,,356,357,353,353,358,356,357,361,358,363,,,357,363,359,364,373,372,386,398,399,364,,,488,506,504,621,669,642,702,738,732,360
8999s,29.9 °C,,354,348,353,354,352,352,351,355,349,363,,,355,359,356,347,357,355,354,361,354,371,,,365,363,353,352,357,355,360,363,358,371,,,365,367,365,373,372,370,380,371,376,369,,,361,356,359,357,355,356,353,350,350,365,,,361,354,356,356,361,359,360,362,363,369,,,371,373,370,396,403,401,446,460,460,364,,,660,688,675,861,929,901,953,1006,1004,364
10799s,29.9 °C,,342,343,341,344,344,341,340,346,338,357,,,350,354,347,341,348,344,345,351,345,365,,,351,354,349,347,351,351,350,356,352,368,,,368,362,359,377,369,365,378,372,372,362,,,349,350,348,351,349,346,346,343,348,361,,,355,351,348,350,356,353,363,365,360,366,,,382,389,387,440,450,450,547,567,575,361,,,894,941,933,1175,1250,1220,1249,1309,1302,362
12599s,29.9 °C,,339,343,342,341,341,341,339,347,338,359,,,345,349,346,342,350,342,342,353,343,369,,,350,350,346,349,351,351,353,359,352,366,,,374,367,370,382,369,368,380,372,377,362,,,348,346,343,347,344,346,344,343,343,365,,,350,346,345,350,355,355,371,375,376,366,,,421,426,427,529,542,539,710,735,752,361,,,1226,1268,1262,1516,1636,1616,1590,1670,1677,359
14399s,29.9 °C,,336,335,335,338,335,338,334,339,332,356,,,341,350,342,336,343,339,339,347,338,365,,,349,349,345,349,349,348,357,356,355,367,,,387,371,376,391,375,377,386,373,379,361,,,345,343,340,346,344,342,342,341,342,366,,,347,346,344,358,361,359,399,393,391,363,,,481,477,492,670,668,677,946,959,1001,362,,,1620,1691,1691,1922,2069,2048,1958,2054,2066,361
16199s,29.9 °C,,335,334,333,337,333,333,333,337,333,357,,,339,346,338,334,342,336,338,346,338,364,,,350,349,343,352,349,351,367,360,361,365,,,403,377,392,404,379,381,395,378,388,362,,,342,342,338,343,337,341,338,334,338,364,,,349,344,347,368,367,370,446,418,423,364,,,569,544,570,849,821,844,1231,1248,1303,361,,,2073,2157,2170,2362,2521,2516,2336,2444,2472,363
17999s,29.9 °C,,335,333,333,331,334,333,328,334,329,356,,,337,342,336,332,338,333,336,341,337,364,,,350,346,341,356,351,352,376,366,370,367,,,423,386,406,421,383,386,408,380,397,364,,,338,337,338,340,336,337,335,333,336,363,,,348,347,346,382,374,376,521,446,456,362,,,661,600,642,1051,968,1015,1585,1554,1640,362,,,2598,2680,2699,2811,2991,2999,2743,2856,2883,360
19799s,29.9 °C,,331,332,331,331,332,332,329,332,329,358,,,337,340,336,331,335,332,336,341,336,366,,,348,348,343,358,357,353,378,375,380,366,,,441,399,428,438,394,396,424,386,408,365,,,336,338,335,340,334,334,334,333,334,364,,,349,347,345,393,372,379,638,455,477,363,,,726,613,665,1238,1065,1144,1958,1861,1996,363,,,3140,3224,3250,3291,3459,3512,3150,3280,3312,359
21598s,29.9 °C,,330,328,328,329,328,327,324,330,328,357,,,334,335,334,329,335,333,333,338,334,364,,,345,349,340,355,362,353,382,386,382,366,,,452,417,444,460,402,402,439,394,424,364,,,333,333,333,334,333,334,334,332,334,366,,,346,343,345,393,372,378,789,459,484,366,,,738,614,672,1338,1079,1179,2312,2121,2297,363,,,3702,3812,3828,3773,3960,4024,3570,3718,3765,360
23399s,29.9 °C,,329,329,328,329,328,326,324,330,327,358,,,333,338,333,328,333,331,331,339,331,366,,,345,348,342,355,367,353,384,397,382,366,,,453,439,448,478,419,411,461,404,443,361,,,336,334,332,336,332,334,331,331,331,365,,,346,345,345,396,375,380,995,459,487,367,,,746,622,677,1361,1088,1187,2606,2251,2497,364,,,4307,4387,4431,4269,4474,4562,4028,4179,4268,362
25199s,29.9 °C,,324,325,324,327,325,323,321,326,322,356,,,330,333,329,325,329,327,329,335,329,362,,,343,345,338,353,363,351,382,399,383,362,,,453,457,449,479,433,416,477,414,460,363,,,330,332,331,333,329,330,329,329,329,362,,,346,343,344,394,372,376,1213,460,486,362,,,741,619,676,1363,1094,1188,2778,2281,2598,361,,,4855,4873,4930,4740,4931,5063,4414,4577,4668,359
26998s,29.9 °C,,328,327,326,325,326,327,322,327,322,359,,,332,334,330,327,333,330,330,332,329,366,,,345,346,341,354,367,353,385,402,382,366,,,459,472,453,485,456,426,489,437,481,364,,,332,333,329,333,332,334,331,329,332,363,,,347,347,345,397,374,382,1492,465,490,365,,,748,628,688,1387,1116,1201,2849,2332,2665,364,,,5444,5380,5412,5230,5435,5578,4876,5029,5155,365
28798s,29.9 °C,,327,327,328,328,327,325,324,325,324,360,,,329,334,329,325,329,327,332,333,327,365,,,347,346,340,356,368,352,390,404,387,367,,,460,477,456,483,479,434,496,455,493,362,,,330,331,332,333,329,329,329,329,331,365,,,349,346,345,401,376,382,1782,469,495,366,,,757,633,695,1384,1108,1203,2846,2337,2683,365,,,5902,5781,5818,5652,5844,6024,5259,5446,5559,361
30598s,29.9 °C,,325,324,327,326,327,325,324,324,322,361,,,329,332,330,328,329,330,332,333,329,368,,,345,345,339,358,369,356,390,406,387,368,,,462,478,455,488,496,442,491,476,490,367,,,331,332,330,330,328,330,327,327,329,365,,,348,345,348,401,378,384,2099,472,499,366,,,763,638,703,1393,1116,1213,2853,2330,2673,365,,,6318,6138,6169,6086,6295,6472,5666,5814,5935,363
32398s,29.9 °C,,326,325,325,325,326,327,324,325,322,362,,,329,331,327,327,330,328,332,333,331,370,,,346,345,340,358,368,355,393,404,389,369,,,461,477,460,491,501,451,497,494,491,366,,,329,330,329,332,327,328,328,329,328,367,,,349,348,348,406,381,390,2455,480,507,367,,,773,654,712,1405,1134,1223,2869,2342,2631,364,,,6716,6408,6441,6517,6693,6872,6029,6175,6333,363
34198s,29.9 °C,,327,327,324,325,327,325,322,325,323,363,,,330,330,328,328,329,327,332,333,332,367,,,347,347,342,362,371,359,397,408,393,372,,,468,481,463,493,507,460,500,499,496,368,,,329,330,330,331,326,329,330,329,330,367,,,351,349,350,411,387,395,2837,486,508,368,,,785,659,725,1422,1150,1242,2880,2357,2649,366,,,7123,6641,6691,6896,7099,7269,6408,6514,6688,363
35998s,29.8 °C,,326,326,323,325,325,325,321,324,324,362,,,331,330,330,326,328,327,334,335,332,369,,,349,347,343,364,371,359,399,412,397,371,,,469,483,466,497,504,471,501,504,500,367,,,329,329,328,330,329,329,329,328,330,368,,,355,352,356,418,393,401,3147,496,520,368,,,801,679,742,1455,1167,1266,2903,2383,2677,367,,,7432,6838,6920,7321,7570,7672,6771,6889,7084,365
37798s,29.8 °C,,328,325,327,325,324,327,326,324,326,362,,,329,331,329,328,329,329,337,335,334,373,,,351,351,345,368,374,364,404,416,402,371,,,476,486,473,501,509,477,504,504,501,369,,,330,331,329,331,326,329,332,329,328,370,,,357,355,356,424,401,407,3501,509,532,369,,,821,694,760,1475,1196,1295,2943,2435,2745,367,,,7776,6975,7054,7771,8045,8115,7137,7327,7492,369
39598s,29.8 °C,,324,323,325,324,325,324,324,323,322,363,,,330,328,328,327,328,327,334,335,332,371,,,351,348,345,370,374,365,407,416,403,369,,,480,489,475,500,509,457,507,506,504,369,,,328,330,328,330,326,329,328,328,329,369,,,362,359,361,434,404,416,3867,518,544,370,,,838,713,778,1494,1228,1324,2962,2455,2766,366,,,7959,7069,7218,8183,8517,8642,7502,7852,8003,366
41398s,29.8 °C,,327,327,327,328,327,328,326,326,324,364,,,333,332,330,330,328,331,337,339,336,372,,,354,352,348,374,378,372,414,422,410,374,,,486,497,482,510,516,463,512,512,511,372,,,331,331,330,331,329,331,330,330,333,370,,,370,369,370,445,417,426,4261,537,563,372,,,864,738,804,1534,1271,1350,3016,2512,2848,370,,,8274,7283,7401,8645,9173,9256,7934,8479,8701,369
43198s,29.9 °C,,329,329,328,328,332,328,327,326,327,366,,,335,333,332,332,330,332,342,339,340,373,,,359,355,352,378,384,374,420,426,418,375,,,492,501,490,517,519,479,518,514,512,375,,,332,334,333,332,330,332,334,332,333,374,,,374,373,375,456,426,436,4673,550,581,373,,,890,756,831,1565,1308,1378,3050,2554,2891,372,,,8526,7396,7543,9182,9832,9956,8330,9223,9471,367
44998s,29.9 °C,,329,330,329,328,329,328,328,327,326,366,,,334,332,332,334,331,332,341,341,342,374,,,360,357,353,379,386,376,423,430,420,374,,,496,504,490,519,519,488,520,518,518,374,,,333,334,332,331,331,334,333,334,333,372,,,379,377,383,464,434,445,5070,566,595,374,,,913,782,854,1596,1339,1410,3091,2605,2924,370,,,8696,7487,7670,9495,10456,10640,8719,9776,9957,369
46798s,29.9 °C,,333,333,332,330,332,331,332,328,328,371,,,338,335,333,334,335,335,344,343,344,375,,,364,360,357,386,391,383,430,437,427,376,,,503,511,499,525,526,495,524,523,524,375,,,335,335,336,334,332,334,337,335,334,376,,,387,390,389,482,446,459,5480,589,618,376,,,939,806,880,1634,1370,1440,3142,2639,2983,374,,,8935,7593,7742,9952,11008,11122,9222,10412,10462,372
48597s,29.9 °C,,331,331,330,329,329,330,331,326,327,366,,,335,333,333,335,333,334,343,343,342,372,,,363,359,356,386,391,382,432,438,431,374,,,505,510,500,527,525,492,524,521,523,371,,,335,336,332,335,332,334,334,334,333,372,,,390,392,393,488,456,466,5912,604,631,372,,,960,829,900,1658,1396,1460,3170,2651,2993,370,,,9099,7587,7785,10240,11423,11452,9712,10878,10910,368
50397s,29.9 °C,,331,330,333,330,330,330,330,326,328,364,,,337,334,333,336,333,334,345,342,342,372,,,364,360,358,390,393,385,437,441,433,375,,,508,514,504,528,524,493,528,524,526,371,,,333,336,332,332,330,333,337,333,334,371,,,395,398,397,501,467,480,6336,621,648,372,,,987,854,933,1695,1427,1492,3208,2696,3013,370,,,9359,7603,7810,10525,11722,11877,10145,11279,11159,368
52197s,29.9 °C,,335,334,335,333,334,333,334,329,333,368,,,340,334,337,340,336,337,350,346,348,374,,,369,365,364,395,396,392,446,449,442,377,,,515,520,512,534,533,498,535,526,530,374,,,336,339,336,335,333,336,339,337,337,372,,,405,407,410,520,483,495,6833,647,677,376,,,1020,885,965,1737,1465,1535,3259,2758,3068,370,,,9666,7732,7919,10998,12056,12266,10610,11741,11575,370
53997s,29.9 °C,,334,335,336,332,335,334,336,331,331,368,,,340,336,339,341,339,340,352,347,348,373,,,373,368,366,400,403,395,450,457,448,374,,,521,523,517,539,536,500,538,531,537,375,,,341,339,338,335,333,337,340,341,338,375,,,412,414,415,529,494,510,7328,665,700,373,,,1051,911,994,1789,1507,1571,3323,2811,3131,371,,,9915,7788,7994,11317,12397,12379,10889,12149,11950,369
55797s,29.9 °C,,341,340,338,336,338,337,337,335,335,372,,,344,341,344,346,343,345,356,351,355,377,,,378,374,372,405,409,400,461,464,456,378,,,529,535,529,548,546,503,550,539,546,376,,,339,342,341,339,336,339,345,342,341,376,,,423,424,430,552,515,526,7920,696,730,378,,,1092,953,1038,1854,1553,1622,3387,2862,3205,375,,,10330,7993,8161,11728,12920,12824,11228,12560,12416,374